epoch,train_loss,mean_beta,train_rmse,val_rmse,val_mae,val_bias,val_r2,val_teacher_rmse,lr
1.0,1074530.494680851,0.8618422480339699,1031.8651780807202,1003.9994723694825,503.9621887207031,-496.8196105957031,-0.32413381163164856,244.14115486523167,0.001
2.0,1017849.8244680851,0.8618322420627513,1000.2295893315478,972.078897255409,466.9090576171875,-431.915283203125,-0.24127479438504307,244.14115486523167,0.001
3.0,943946.6316489362,0.8619581207315973,964.5182029733439,935.9525485152769,415.7268981933594,-394.9451599121094,-0.15072770300458682,244.14115486523167,0.001
4.0,874802.7765957447,0.8619380618663545,926.4803166643264,897.5136645476648,376.1644287109375,-350.7379455566406,-0.058149533951677324,244.14115486523167,0.001
5.0,803352.2021276596,0.8618934306692569,886.9964750965443,857.6264645376664,341.1999206542969,-305.3857727050781,0.03381285678692769,244.14115486523167,0.001
6.0,732090.2300531915,0.8618727706848307,846.3578018417084,816.6043784982502,311.23504638671875,-276.434326171875,0.12403185195039745,244.14115486523167,0.001
7.0,661378.4348404255,0.8619416279995695,804.7977745983343,774.6118084076835,283.6290588378906,-242.23658752441406,0.21180598529588457,244.14115486523167,0.001
8.0,597242.5019946808,0.8617933811025417,762.8824754087609,732.2130958757825,255.92247009277344,-212.1553955078125,0.29572886251021624,244.14115486523167,0.001
9.0,530131.5006648937,0.8618875222003206,721.3711700806351,690.2437065911926,233.39251708984375,-192.1433563232422,0.3741506328989179,244.14115486523167,0.001
10.0,471098.81117021275,0.8618788389449424,680.5124297469523,648.8232223736775,211.82745361328125,-157.56004333496094,0.4470094913089435,244.14115486523167,0.001
11.0,418212.4867021277,0.861889141671201,641.45728654445,608.9380085198187,191.48422241210938,-138.30262756347656,0.5129079163452479,244.14115486523167,0.001
12.0,367682.3600398936,0.8619598010753063,603.5051047601867,569.9317186581826,175.68692016601562,-114.58040618896484,0.5733118699515538,244.14115486523167,0.001
13.0,325538.8743351064,0.8618900687136548,568.5481627774946,534.4572545625102,164.1980438232422,-98.45886993408203,0.6247757838018262,244.14115486523167,0.001
14.0,283621.69215425535,0.8619408011436462,534.2510726713655,500.0222269001601,150.8363800048828,-85.81330108642578,0.6715694662403338,244.14115486523167,0.001
15.0,248590.63397606384,0.861908495426178,502.2703302310455,467.92357843703394,140.09185791015625,-81.04744720458984,0.7123828586512665,244.14115486523167,0.001
16.0,217812.5427194149,0.8618294736172291,472.3292778763798,439.01809738458,132.21873474121094,-68.6551284790039,0.7468197917354408,244.14115486523167,0.001
17.0,190563.14611037233,0.8619225709996325,444.2316757127273,411.36223599174787,123.44373321533203,-59.5629768371582,0.7777131630197331,244.14115486523167,0.001
18.0,168056.58344414894,0.8618620240941961,419.909963772103,388.27139542600656,115.93366241455078,-52.992027282714844,0.8019678514679127,244.14115486523167,0.001
19.0,150093.43966090426,0.8618680847452042,399.8854205277232,369.7123182066125,112.71995544433594,-45.300689697265625,0.8204469660882153,244.14115486523167,0.001
20.0,133340.118018617,0.8619148807322725,380.42307209186316,352.0541403970337,107.55070495605469,-41.73640823364258,0.8371889718806751,244.14115486523167,0.001
21.0,118610.73828125,0.8619437331848956,363.7753800127893,336.0439011208618,104.10488891601562,-31.436298370361328,0.8516604552733866,244.14115486523167,0.001
22.0,108411.31349734042,0.861853413125302,348.9935901551393,324.3295726264246,101.22552490234375,-37.35960388183594,0.8618222852586208,244.14115486523167,0.001
23.0,98232.28831449468,0.8618222145324058,335.6594134260697,310.95103106456975,96.9440689086914,-33.94890213012695,0.8729867851571331,244.14115486523167,0.001
24.0,90214.9493849734,0.8618507283799192,324.1023598544244,300.030068402805,95.62181854248047,-20.655155181884766,0.8817518191386897,244.14115486523167,0.001
25.0,82695.28868849734,0.861917532504873,314.2942397286058,293.13133203251067,93.29472351074219,-25.631532669067383,0.8871271764391089,244.14115486523167,0.001
26.0,76844.55302526595,0.8619310488092139,305.4667339769237,285.4627356672632,89.9339599609375,-23.932937622070312,0.8929556490790013,244.14115486523167,0.001
27.0,74453.71027260639,0.861971730881549,298.4053320153373,279.5763383494956,89.73753356933594,-13.443561553955078,0.8973247588915736,244.14115486523167,0.001
28.0,68564.99941821808,0.861878161734723,292.8863305980682,275.20842350750036,88.3377456665039,-15.325728416442871,0.9005079564482296,244.14115486523167,0.001
29.0,65349.26865857713,0.8618946557349347,287.4486035033378,271.5829241286947,88.11756134033203,-17.09348487854004,0.9031120367655855,244.14115486523167,0.001
30.0,62145.651990525264,0.8618905785235953,282.43464070379,268.07751399946613,88.21327209472656,-5.642058849334717,0.905597024932864,244.14115486523167,0.001
31.0,59802.35233128325,0.8618954673726508,277.39226361062657,264.46422823240454,85.57173156738281,-13.5733060836792,0.9081246978275036,244.14115486523167,0.001
32.0,58204.70917137633,0.8619070091146104,274.2403160875969,261.70055056810384,86.59485626220703,-6.402597904205322,0.9100348768358487,244.14115486523167,0.001
33.0,55845.192549035906,0.8618646302121751,271.010940375771,259.9539353248587,85.53507995605469,-9.114873886108398,0.9112317416473653,244.14115486523167,0.001
34.0,53995.338430851065,0.8619054200801444,268.1812359093907,259.32235480778064,84.41665649414062,-13.968276023864746,0.9116625579449541,244.14115486523167,0.001
35.0,52418.39052111037,0.8618414921963469,264.36737692803695,257.32953274896187,84.32879638671875,-8.510183334350586,0.9130150398035373,244.14115486523167,0.001
36.0,51257.443504820476,0.861959235465273,261.9988361962778,255.23022565115963,83.90238189697266,-2.745866298675537,0.914428505869776,244.14115486523167,0.001
37.0,50020.51067985372,0.8618818102998936,259.31152071403613,254.82033061557706,83.34551239013672,-11.81287670135498,0.9147031376487893,244.14115486523167,0.001
38.0,48580.9097926363,0.8618934978830054,257.92421678265663,253.5052917259562,82.83512115478516,-15.492018699645996,0.9155812407352195,244.14115486523167,0.001
39.0,47918.10312084442,0.8618754326029027,254.14162119513296,251.9597254568268,83.3998794555664,-1.5639322996139526,0.9166074682179617,244.14115486523167,0.001
40.0,46150.04852684508,0.8619282321727022,253.50495608220905,251.83060558483845,82.89663696289062,-5.08638334274292,0.9166929173825512,244.14115486523167,0.001
41.0,45665.26856507646,0.8619323829387097,251.0300423588754,250.83916005734247,82.46894836425781,-10.30855941772461,0.9173475784713487,244.14115486523167,0.001
42.0,44740.242509557844,0.8619050408931489,249.69063857378242,250.471112788934,83.0982894897461,-6.486644268035889,0.9175899463765842,244.14115486523167,0.001
43.0,44482.04107795878,0.8618569817948849,247.88408215093858,249.07424737274752,83.2370834350586,0.9197865128517151,0.9185065770814007,244.14115486523167,0.001
44.0,43373.78440824468,0.861923817624437,246.24452307210098,248.0736071708056,82.21149444580078,-1.4001544713974,0.9191600512471314,244.14115486523167,0.001
45.0,42722.089594414894,0.8618742354372715,245.62859723601,249.01693927638706,82.75970458984375,-7.250326156616211,0.9185440734962953,244.14115486523167,0.001
46.0,41899.69275681516,0.8619303513080516,244.41483455315912,247.60867912069767,84.11426544189453,4.4191365242004395,0.9194627802666824,244.14115486523167,0.001
47.0,41384.849609375,0.8619218316484005,241.72818947127945,247.65365003676004,82.26315307617188,-4.911929607391357,0.9194335231222102,244.14115486523167,0.001
48.0,40738.29256358045,0.8619033567448879,240.92630391123674,246.92508548362358,82.839111328125,-4.2819414138793945,0.9199068578659942,244.14115486523167,0.001
49.0,40385.7535426363,0.8618823670326395,240.3998897299018,246.78383967016273,82.33604431152344,-11.420958518981934,0.9199984612396858,244.14115486523167,0.001
50.0,39775.423495678195,0.8619048582746628,238.08643221850218,247.62477686990655,82.56378173828125,-7.520545959472656,0.9194523080157628,244.14115486523167,0.001
51.0,39186.3677173371,0.8619011361548241,236.76499755387198,245.4808328499911,81.80493927001953,-9.010125160217285,0.9208410395295581,244.14115486523167,0.001
52.0,38969.9780688996,0.8618673770985705,236.70477724963698,247.0194961688547,82.89234924316406,-8.300250053405762,0.919845599658896,244.14115486523167,0.001
53.0,38245.46701504322,0.8618777457703936,236.22574167862936,246.149802197899,83.68144226074219,-0.18211662769317627,0.9204090133521736,244.14115486523167,0.001
54.0,38016.3681640625,0.8618414376644378,233.9720031071747,245.3378886217395,81.92240142822266,-2.681260824203491,0.9209332016907408,244.14115486523167,0.001
55.0,37481.01063829787,0.8619405043886063,233.52451595078574,246.15653997050782,82.77694702148438,-1.5026326179504395,0.9204046560599518,244.14115486523167,0.001
56.0,37535.80616273271,0.8618771002647725,232.42251093536564,245.24360370525105,81.76551055908203,-7.091807842254639,0.9209939617637374,244.14115486523167,0.001
57.0,44865.97535738032,0.8619132574568403,230.906536752418,244.8032080810152,81.75662231445312,-4.112381458282471,0.9212774568066913,244.14115486523167,0.001
58.0,36335.340196974736,0.8618644488618729,230.3771913937633,245.38210684426065,81.81437683105469,-10.86475944519043,0.920904698075847,244.14115486523167,0.001
59.0,36147.5059424867,0.8618711956003879,229.5032667200968,244.62948276719538,81.51081848144531,-16.02019691467285,0.9213891485282698,244.14115486523167,0.001
60.0,35872.606590757976,0.861891490347842,228.01486878624615,243.90383972494135,81.66153717041016,-5.642200469970703,0.9218548226816027,244.14115486523167,0.001
61.0,35349.9282642121,0.8618610019379473,228.0401025377485,242.78632311414444,81.4586181640625,-12.833196640014648,0.9225692720582569,244.14115486523167,0.001
62.0,35115.141435339094,0.8618993797200791,225.8964319887788,242.37773037156288,81.5367431640625,-0.9856106638908386,0.9228296739713456,244.14115486523167,0.001
63.0,34589.73361660572,0.8618862147026873,226.1558823432661,243.72628198890527,81.21966552734375,-5.650842189788818,0.9219685579167789,244.14115486523167,0.001
64.0,35694.203405502,0.8619525090177008,226.1686254992431,241.97652399232177,80.91513061523438,-9.345364570617676,0.9230849416651076,244.14115486523167,0.001
65.0,34053.65790703956,0.8618914269386454,224.1905776336596,241.51335840292182,81.1710205078125,-2.7153422832489014,0.9233791050287558,244.14115486523167,0.001
66.0,33776.62781540891,0.8619367962187909,222.897610837566,242.839602939688,81.42416381835938,-7.423449516296387,0.922535283748729,244.14115486523167,0.001
67.0,33294.46446974734,0.8618820157456906,222.7521913462645,241.75812475093423,81.80054473876953,-0.2781253457069397,0.9232237204970013,244.14115486523167,0.001
68.0,32975.31843209774,0.8619202920731078,221.7483924247553,241.2926046007922,81.17366790771484,-4.7665863037109375,0.923519110730872,244.14115486523167,0.001
69.0,32927.7708714262,0.8617857846807926,221.6784085014191,241.78334715461077,81.52296447753906,-9.74531364440918,0.9232076996635165,244.14115486523167,0.001
70.0,32407.871301529256,0.8618502933928307,220.04045167356963,242.3177264878906,81.25166320800781,-8.246519088745117,0.922867878356584,244.14115486523167,0.001
71.0,32242.323117519947,0.8618463328544129,219.41025659683237,241.53698416267974,80.72006225585938,-6.419456481933594,0.9233641135979657,244.14115486523167,0.001
72.0,31656.519448138297,0.8618727935121414,219.85412069500245,240.4643892976049,81.57698059082031,-0.5956669449806213,0.9240432373116927,244.14115486523167,0.001
73.0,31608.29683344415,0.8618729431578454,219.42822532542547,243.02622905567506,82.00493621826172,-1.9851351976394653,0.9224161722517629,244.14115486523167,0.001
74.0,31479.864922706118,0.8618495159960807,217.16813439844626,240.67884437813206,81.41340637207031,-3.81762957572937,0.9239076947690801,244.14115486523167,0.001
75.0,31355.70240816157,0.8618285085292573,217.4539196978203,239.88045758214614,81.58706665039062,-1.1538183689117432,0.9244116886227429,244.14115486523167,0.001
76.0,30930.99264461436,0.8617802338397249,217.8277922016039,243.98995496423598,81.89920043945312,-7.847499847412109,0.9217996314337384,244.14115486523167,0.001
77.0,30900.495428856382,0.8619599951074478,215.96559135672024,241.96622082358465,81.80593872070312,-10.74758529663086,0.92309149149019,244.14115486523167,0.001
78.0,30558.54770611702,0.8618417458331331,216.08671029383112,242.61514415550462,81.12687683105469,-4.651017189025879,0.9226784202062417,244.14115486523167,0.001
79.0,30324.165620844415,0.8618792726638469,214.3564115674693,241.77028024445252,81.48639678955078,-1.7246496677398682,0.9232159997469284,244.14115486523167,0.001
80.0,30063.160519863697,0.8619283615274632,213.62770709915938,241.52334016025577,81.48514556884766,-9.461644172668457,0.923372771408204,244.14115486523167,0.001
