variant,hypothesis,expected_gain,rank_rmse,final_rmse,combined_rmse,rank_mae,final_mae,combined_mae,combined_bias,pct_overpredict,narrow_rmse,heavy_rmse,a20n_rmse,a320_rmse,a359_rmse,b77w_rmse,b744_rmse,cruise_rmse,climb_rmse,descent_rmse,ultralong_rmse,medium_rmse,delta_combined_vs_baseline,train_oof_rmse,calibrator,affine_a,affine_b,gate,gate_reason
P1A_global_affine,Systematic +31kg over-prediction is mostly affine calibration error,−5 to −15 kg Combined RMSE,239.18031519156213,220.85709934173872,228.25053987836657,90.89361151855532,87.34864174057662,88.74505740546721,28.270398885745063,70.17838507696321,83.1776466085269,425.9616695437365,86.26493094398673,69.16497520385437,331.5778199879623,838.4335512648419,990.5600472336936,248.8416926379631,191.57237227511152,124.76138450066378,440.67770892213764,97.01650065636682,4.587263902067207e-11,254.80152226325515,AffineCalibrator,1.0000000000033051,-1.884455843293577e-9,REJECT,combined_rmse not improved vs comparison baseline
P1B_isotonic,Nonlinear monotone map fixes heteroscedastic over-prediction at high fuel,−5 to −15 kg,241.3202177750342,220.48401838898792,228.91820823208636,91.89430325132784,88.18049565004978,89.6434190134674,28.841780431294396,70.81757109313853,83.29554239909939,427.2777849419469,86.4065941594316,69.41331913515745,331.11924303669093,848.5847419991346,984.9971710528275,249.7116748309805,192.04010731240072,123.83328238848256,442.0165310623257,97.12514718307989,0.6676683537656629,250.91981306418066,IsotonicCalibrator,,,REJECT,combined_rmse not improved vs comparison baseline
P1C_affine_by_aircraft_class,Bias differs by heavy vs narrow; class-conditional affine reduces heavy SSE,−5 to −12 kg,239.12687058443467,221.04590118704445,228.3392351500073,90.87737680532483,87.33745829473702,88.73188419120814,28.147891209004698,70.15555700495695,83.30861357237931,425.82240149928316,86.42367607268946,69.17464679414825,331.7379005509117,838.5337076163185,988.4253041435378,248.97661566662535,191.53910878841293,124.56128139186757,440.5462814587684,97.62386624539374,0.08869527168661762,253.48702764673587,ConditionalAffineCalibrator,,,REJECT,combined_rmse not improved vs comparison baseline
P1D_affine_by_haul,Ultra-long-haul dominates SSE; haul-conditional calibration targets 85% SSE,−5 to −12 kg,239.28477239734747,221.34805392130255,228.58166853662868,90.52904599413439,87.00535813601454,88.3933905400789,27.61414902556236,68.63422906339682,84.15072790929156,426.1005325543228,87.33511105318647,69.4341018346911,332.0027768765723,838.6394970316383,986.4596665696146,249.23048523191486,191.94270206342952,124.559754497359,440.4177656329574,98.57928099376356,0.3311286583079891,254.64718213354132,ConditionalAffineCalibrator,,,REJECT,combined_rmse not improved vs comparison baseline
P1E_affine_by_phase,Cruise is 87% SSE; phase-conditional affine shrinks cruise bias,−3 to −10 kg,239.02297372116402,220.8049588169356,228.15501990330654,91.04095912677752,87.46912813971913,88.87612482940993,28.20404379272387,70.29741716671015,83.20748098980849,425.7464699169149,86.34066959949008,69.11415859448682,331.72393185618284,838.5655606956559,986.9283952614649,248.84773344847713,190.66391380649597,124.60240387990522,440.44753971304567,97.01963971879456,-0.09551997501415599,253.9729333566619,ConditionalAffineCalibrator,,,KEEP,accepted
P1A_affine_on_lgbm_flow,Calibration on strongest single FuelFlow model,−5 to −15 kg,249.84975860277612,216.41136283947202,230.1638791990062,86.395343590196,80.04249936965255,82.54497802018555,7.760142678794819,62.7429559092095,84.40062876154683,429.1150770006946,83.19555273779011,71.29841431866357,326.7940680632314,863.1989570149636,1012.8242033346992,249.09008619056732,206.41975518404055,127.60926362397514,444.7322569373186,97.55893634665625,1.913339320685509,,,,,REJECT,combined_rmse not improved vs comparison baseline
P1B_isotonic_on_lgbm_flow,Calibration on strongest single FuelFlow model,−5 to −15 kg,246.7633209372521,216.81366279717813,229.07916742910822,86.90452905406204,80.82961086085706,83.22261036697898,8.12367884617141,61.885272632402824,84.41689201665447,426.8567989875706,83.1968600531099,71.36344383667812,327.1188291612562,844.6578518373476,1008.2602933569741,248.26829151180394,200.93134848506824,129.15612024167908,442.29862147118655,97.52042400280949,0.8286275507875303,,,,,REJECT,combined_rmse not improved vs comparison baseline
P1C_class_affine_on_lgbm_flow,Calibration on strongest single FuelFlow model,−5 to −15 kg,249.61104902268065,216.9749742844265,230.383353763086,86.11025050395948,79.89170277383312,82.34128006421261,7.328711803557969,61.805374380380904,84.4101116832156,429.181214711947,83.17070772299536,70.93291870907896,327.13867716896493,864.2458373072499,1010.7511607632401,249.42655610773517,206.12910957804303,127.38472629881514,444.81539435170663,98.33920643843936,2.132813884765312,,,,,REJECT,combined_rmse not improved vs comparison baseline
P1D_haul_affine_on_lgbm_flow,Calibration on strongest single FuelFlow model,−5 to −15 kg,249.8128037434251,216.94668624423127,230.45333888730772,85.92256941727629,79.59389252418312,82.08685130945811,6.658245092889497,60.12424993477694,84.95583927368179,429.40068233895954,83.84756896705237,70.31191183021176,327.46673796985203,864.9889032272611,1008.8118291767951,249.5099535245764,205.98226160215128,127.61015510360082,444.954602482763,98.590870774597,2.2027990089870286,,,,,REJECT,combined_rmse not improved vs comparison baseline
