approach,model,mae,rmse,r2
Energy Hybrid,RF,84.1692164070514,226.8368282516678,0.9351075344797195
Energy Hybrid,XGB,84.48070967501623,219.10815982361342,0.9394541688106482
Energy Hybrid,LGBM,86.67273841331915,208.33888061187128,0.945259621552867
Energy+Weather Hybrid,XGB,83.75996267132038,212.02664464286195,0.9433045738500325
Energy+Weather Hybrid,RF,84.17127963882271,226.8612166191898,0.9350935798993412
Energy+Weather Hybrid,LGBM,86.67464789028236,208.60692151450004,0.9451186771544875
OpenAP Hybrid,RF,86.27280214661111,228.80283502843972,0.9339778070448407
OpenAP Hybrid,XGB,86.30553201747955,224.1164797847097,0.9366546518387864
OpenAP Hybrid,LGBM,89.1253805314312,215.7619945513017,0.9412893296490258
