epoch,train_loss,train_rmse,train_mae,train_bias,train_r2,val_rmse,val_mae,val_bias,val_r2,val_teacher_rmse,train_teacher_rmse,lr
1.0,1075641.1609042552,1053.4458420251517,538.9656982421875,-537.5711669921875,-0.3519815142339471,991.6977622108975,519.0885620117188,-517.7469482421875,-0.3745878575299597,196.7724091147552,262.1930233171738,0.001
2.0,1036162.6170212766,1036.4426091127589,511.537109375,-503.4178771972656,-0.3086901834008846,974.3116660153338,491.5051574707031,-483.58428955078125,-0.32681276782605106,196.7724091147552,262.1930233171738,0.001
3.0,1003770.5771276596,1017.1133480571135,485.4591979980469,-468.1839599609375,-0.26033220690229575,954.5834338171337,465.3029479980469,-448.00604248046875,-0.2736251404587575,196.7724091147552,262.1930233171738,0.001
4.0,960329.3058510638,995.6851722826339,454.3863220214844,-439.4059753417969,-0.20778715424349348,932.7292707741647,433.9203186035156,-418.7752380371094,-0.21597612709239233,196.7724091147552,262.1930233171738,0.001
5.0,912817.9481382979,972.8318242734716,426.62945556640625,-407.0077819824219,-0.15298024278539324,909.4954828139198,405.9460144042969,-385.97955322265625,-0.15615198603748315,196.7724091147552,262.1930233171738,0.001
6.0,872977.5013297872,948.6124318865385,401.1243591308594,-380.3583679199219,-0.09628620879023897,884.9529668250442,380.6697998046875,-359.2738037109375,-0.09459690520835062,196.7724091147552,262.1930233171738,0.001
7.0,826029.9521276596,923.3067084641125,375.5558776855469,-350.85479736328125,-0.038576063326607235,859.3764912521583,355.42047119140625,-329.7078552246094,-0.03224021569951785,196.7724091147552,262.1930233171738,0.001
8.0,777028.4135638297,897.2871938326275,352.7747497558594,-319.432373046875,0.019134936934257496,833.1643882654896,333.0135498046875,-298.4798889160156,0.02976880451763897,196.7724091147552,262.1930233171738,0.001
9.0,733654.8138297872,870.6718825732333,332.6355895996094,-299.0039367675781,0.0764607316871686,806.3769158161691,313.21685791015625,-278.03619384765625,0.09115460679959331,196.7724091147552,262.1930233171738,0.001
10.0,681431.6090425532,843.3187317502618,312.8838806152344,-277.0470275878906,0.13357730266559742,778.8605786141438,293.5490417480469,-255.97906494140625,0.15212216415397495,196.7724091147552,262.1930233171738,0.001
11.0,638140.8676861703,815.5949657825312,295.0213928222656,-256.5509033203125,0.18960752477396414,751.0771097314297,275.8105163574219,-235.85450744628906,0.21153414716130514,196.7724091147552,262.1930233171738,0.001
12.0,588774.0791223404,787.5160665768382,275.71405029296875,-231.47012329101562,0.24444658549734788,723.1132122895685,257.0229187011719,-210.70553588867188,0.26915306444331766,196.7724091147552,262.1930233171738,0.001
13.0,547660.0438829787,759.4790213564311,258.11474609375,-216.26771545410156,0.2972871567057326,695.2744035749377,239.7823944091797,-195.843505859375,0.3243429399451505,196.7724091147552,262.1930233171738,0.001
14.0,503157.52260638296,731.5580794075668,242.4402313232422,-190.8513641357422,0.34800547472177,667.6826162535581,224.62554931640625,-170.5379638671875,0.3769054179440914,196.7724091147552,262.1930233171738,0.001
15.0,465225.94946808513,703.7707156129613,226.63201904296875,-173.40367126464844,0.39659527023942975,640.2989697343033,209.62551879882812,-153.8626251220703,0.4269672509056269,196.7724091147552,262.1930233171738,0.001
16.0,426453.75199468085,676.4145879574831,210.8409423828125,-162.22476196289062,0.4425932065124838,613.3373344627748,194.352783203125,-143.73110961914062,0.47420961545774587,196.7724091147552,262.1930233171738,0.001
17.0,387253.3929521277,649.663718498505,197.83712768554688,-144.4446563720703,0.4858100854327442,587.1989649838541,182.30621337890625,-126.05046844482422,0.5180695142631092,196.7724091147552,262.1930233171738,0.001
18.0,355403.6785239362,623.4397459111528,186.00814819335938,-128.64706420898438,0.5264833010580767,562.168085806756,171.72657775878906,-111.14083099365234,0.558280867027481,196.7724091147552,262.1930233171738,0.001
19.0,321539.1133643617,598.558716295584,174.8704071044922,-115.9269790649414,0.5635245255057453,538.0429248449639,161.85447692871094,-99.68221282958984,0.5953796825058909,196.7724091147552,262.1930233171738,0.001
20.0,294124.748337766,574.1434574438192,166.30487060546875,-110.06780242919922,0.5984060445890503,514.3112266370681,154.14907836914062,-95.17229461669922,0.6302860432203699,196.7724091147552,262.1930233171738,0.001
21.0,268222.3833111702,551.674316956587,158.66897583007812,-92.03690338134766,0.6292237917367497,492.55367470692994,147.29556274414062,-77.66384887695312,0.6609053297902326,196.7724091147552,262.1930233171738,0.001
22.0,243350.38065159574,529.0238767317347,149.4183807373047,-84.32276916503906,0.6590451485880282,470.57870669718983,138.92221069335938,-71.325439453125,0.6904873665746585,196.7724091147552,262.1930233171738,0.001
23.0,220195.77094414894,507.9457904484022,142.83230590820312,-81.0604476928711,0.6856734557339849,450.18606828274727,133.48422241210938,-68.67677307128906,0.7167317244908953,196.7724091147552,262.1930233171738,0.001
24.0,198066.48188164894,486.8723374582617,136.73223876953125,-84.16912078857422,0.711213739616006,429.5398824071937,128.19735717773438,-72.96114349365234,0.7421181218145456,196.7724091147552,262.1930233171738,0.001
25.0,180018.82696143616,466.8025123078368,130.5387725830078,-67.29383850097656,0.7345316831020461,410.06586828310225,122.70391845703125,-56.25470733642578,0.764971200867283,196.7724091147552,262.1930233171738,0.001
26.0,161525.467918883,447.8014592858485,124.1681137084961,-64.51287078857422,0.7557034488264125,391.81732948698726,117.13921356201172,-54.324581146240234,0.7854240137698016,196.7724091147552,262.1930233171738,0.001
27.0,146198.81515957447,429.95521025163316,119.04903411865234,-55.61491775512695,0.7747873612102012,373.9408084420701,112.31587219238281,-45.98359298706055,0.8045572512573584,196.7724091147552,262.1930233171738,0.001
28.0,130558.12716090426,414.2446410901279,115.09790802001953,-56.02044677734375,0.7909452091665148,359.05936705051636,109.3678970336914,-46.13288116455078,0.819803496933561,196.7724091147552,262.1930233171738,0.001
29.0,120383.39710771276,399.6520741609262,111.82750701904297,-41.85505676269531,0.8054145023472901,345.69780899562636,106.6240005493164,-33.014156341552734,0.8329651502292077,196.7724091147552,262.1930233171738,0.001
30.0,108198.29928523937,386.45259538065255,107.69514465332031,-36.695396423339844,0.8180555621262753,332.31866626167607,103.1454849243164,-28.530426025390625,0.845644073415987,196.7724091147552,262.1930233171738,0.001
31.0,100406.13139960106,373.36019862321785,104.83448028564453,-36.54711151123047,0.8301747100623036,320.96843795972774,101.07368469238281,-28.327409744262695,0.8560079568402075,196.7724091147552,262.1930233171738,0.001
32.0,89842.53399268616,362.49167047458155,101.493896484375,-39.54422378540039,0.8399180411093623,308.4076535276304,98.21726989746094,-32.24653625488281,0.8670574113977255,196.7724091147552,262.1930233171738,0.001
33.0,83214.85704787234,352.42929789815605,99.01508331298828,-35.43440246582031,0.8486820892733595,298.85708561781775,95.8135986328125,-28.1401309967041,0.8751636820203015,196.7724091147552,262.1930233171738,0.001
34.0,77787.81482712766,342.7461438516428,96.99701690673828,-28.781869888305664,0.8568829151219266,288.5821968412724,94.1571273803711,-22.168224334716797,0.883600019623633,196.7724091147552,262.1930233171738,0.001
35.0,70425.90949135639,335.2151759325109,94.8152084350586,-32.66992950439453,0.8631030820655702,280.2141550068812,92.1045913696289,-26.91875648498535,0.8902526666542777,196.7724091147552,262.1930233171738,0.001
36.0,65858.80722240692,327.3968094212729,92.49456024169922,-28.296791076660156,0.8694144229777423,273.4324424520383,90.19578552246094,-22.58831024169922,0.8955005702701092,196.7724091147552,262.1930233171738,0.001
37.0,60896.12200797872,319.2862597808679,91.16305541992188,-16.227222442626953,0.8758042353286493,267.53857266018787,89.52590942382812,-10.031393051147461,0.8999570134171033,196.7724091147552,262.1930233171738,0.001
38.0,56781.105821974736,313.35331972866845,89.60479736328125,-17.099517822265625,0.8803769346584408,260.728815052923,87.74964904785156,-12.136402130126953,0.9049850599798475,196.7724091147552,262.1930233171738,0.001
39.0,53729.461186835106,308.31038469158153,88.21358489990234,-21.939794540405273,0.884196247319209,254.358149861129,86.74698638916016,-17.293901443481445,0.909571536533927,196.7724091147552,262.1930233171738,0.001
40.0,51300.65292553192,303.72213638162094,87.6418228149414,-18.382781982421875,0.8876173628436039,249.56992566775276,85.90326690673828,-13.996841430664062,0.9129440746635118,196.7724091147552,262.1930233171738,0.001
41.0,49455.46550864362,299.0863082008172,86.39446258544922,-15.522127151489258,0.8910218600776987,245.24422070815461,85.04901885986328,-11.497509002685547,0.9159357388228074,196.7724091147552,262.1930233171738,0.001
42.0,46478.85621675532,294.84368328930816,85.16219329833984,-15.758103370666504,0.8940917034719581,242.6908148255792,84.57466888427734,-10.75047779083252,0.9176771274127453,196.7724091147552,262.1930233171738,0.001
43.0,44301.98300365692,291.7099074756293,84.96736907958984,-18.55265998840332,0.896331053327398,238.02768520511975,84.68531036376953,-13.693327903747559,0.9208102844324185,196.7724091147552,262.1930233171738,0.001
44.0,42900.50606715425,288.8493720990586,83.79679107666016,-14.916248321533203,0.8983542598718307,233.6098446387513,83.08211517333984,-10.851391792297363,0.9237225584234287,196.7724091147552,262.1930233171738,0.001
45.0,41453.648790724736,285.63451443014196,83.0305404663086,-15.198366165161133,0.9006042775427652,229.97968587364616,82.30729675292969,-11.048026084899902,0.9260747520863034,196.7724091147552,262.1930233171738,0.001
46.0,39812.54384142287,283.299161448896,81.81269836425781,-14.487427711486816,0.9022229556763085,226.87156538132467,80.92665100097656,-10.518564224243164,0.9280594138477458,196.7724091147552,262.1930233171738,0.001
47.0,38676.03553025266,281.11501120205935,82.7589340209961,-7.759169578552246,0.903724806328265,225.95285567915442,82.12789916992188,-3.414773464202881,0.9286408767077964,196.7724091147552,262.1930233171738,0.001
48.0,39860.31910738032,279.12089314165775,81.15811920166016,-11.244998931884766,0.9050858376885339,222.70780417709398,80.69470977783203,-7.14430046081543,0.9306758252015812,196.7724091147552,262.1930233171738,0.001
49.0,37243.63083859708,277.0226475542985,82.28942108154297,-2.2137255668640137,0.9065074773884771,221.62044996880113,81.5121078491211,1.6478196382522583,0.931351112850673,196.7724091147552,262.1930233171738,0.001
50.0,36760.45031998005,274.9343419151093,80.8833999633789,-7.542405128479004,0.9079117312452587,217.90853849219735,80.06110382080078,-3.8746206760406494,0.9336314495184217,196.7724091147552,262.1930233171738,0.001
51.0,35172.39895694814,272.85145873540176,80.9241943359375,-2.708362579345703,0.9093017543218835,217.38404105894435,80.48760223388672,0.8835378289222717,0.9339505580883989,196.7724091147552,262.1930233171738,0.001
52.0,34785.39297290558,271.7019537571646,80.40292358398438,-12.15881061553955,0.9100643558431007,213.88868572765102,79.66167449951172,-8.754216194152832,0.9360575223218801,196.7724091147552,262.1930233171738,0.001
53.0,33805.613530585106,270.11205263022003,79.94731140136719,-9.761929512023926,0.911113817731932,212.95254549347501,79.33334350585938,-5.748204231262207,0.9366160196654812,196.7724091147552,262.1930233171738,0.001
54.0,34183.14099900266,268.1608822032783,79.61394500732422,-4.846933364868164,0.91239332888317,211.71066317469248,78.81904602050781,-1.9402467012405396,0.9373531408919467,196.7724091147552,262.1930233171738,0.001
55.0,32568.059674202126,267.9658308182562,80.15544128417969,-13.240364074707031,0.9125207269424698,209.0377944883798,79.21016693115234,-9.219955444335938,0.9389250013630374,196.7724091147552,262.1930233171738,0.001
56.0,33506.094581117024,265.4715189276987,79.24288177490234,-2.1680359840393066,0.9141417175722262,208.22119868849742,78.64262390136719,1.6946748495101929,0.9394012422565664,196.7724091147552,262.1930233171738,0.001
57.0,31496.047955452126,264.47858212494475,78.60581970214844,-8.625381469726562,0.9147827838233842,207.71828425673658,78.10659790039062,-4.572124481201172,0.9396936158077872,196.7724091147552,262.1930233171738,0.001
58.0,30953.950922539894,264.01281621866093,79.46522521972656,-1.5110061168670654,0.9150826668914439,205.47209716146313,78.35810089111328,2.1969287395477295,0.940990824851241,196.7724091147552,262.1930233171738,0.001
59.0,31100.266518450797,262.5339270423468,79.623046875,2.2575185298919678,0.9160313450202253,206.44928151236215,79.21078491210938,6.2383880615234375,0.9404282184457217,196.7724091147552,262.1930233171738,0.001
60.0,30492.37867769282,262.0352865529488,78.23456573486328,-14.004532814025879,0.9163500117075731,204.2039074286789,77.7466049194336,-9.931865692138672,0.941716995342557,196.7724091147552,262.1930233171738,0.001
61.0,29907.41946476064,261.1820001713001,78.0552749633789,-6.698131084442139,0.9168939169260027,201.95263647378644,77.13351440429688,-3.0590813159942627,0.9429950077198851,196.7724091147552,262.1930233171738,0.001
62.0,29436.35123005319,259.0020556864112,78.0029525756836,-2.413374662399292,0.9182754102714145,203.30711124159316,77.64440155029297,1.5257697105407715,0.9422277907054069,196.7724091147552,262.1930233171738,0.001
63.0,29580.207613031915,259.1997755046465,77.43023681640625,-9.501472473144531,0.9181505870252292,201.2007462217195,76.91173553466797,-5.739309310913086,0.9434186883402367,196.7724091147552,262.1930233171738,0.001
64.0,28747.425656582447,258.25095344933754,77.91265106201172,-3.5077009201049805,0.9187487232444781,200.25246168219005,77.29244995117188,0.18914653360843658,0.9439507812101664,196.7724091147552,262.1930233171738,0.001
65.0,28599.48888380984,258.4071602863293,77.91966247558594,-6.964179039001465,0.9186504014900324,197.85633857205303,76.83319854736328,-3.139190673828125,0.9452840715805331,196.7724091147552,262.1930233171738,0.001
66.0,28388.87857380319,255.79361913507805,78.03069305419922,-0.4420376420021057,0.9202876266126878,200.97983813453857,77.93305969238281,4.192170143127441,0.9435428668811776,196.7724091147552,262.1930233171738,0.001
67.0,28034.665579288565,255.962273889307,77.35678100585938,-8.994386672973633,0.9201824769782017,196.46896324216524,76.48983001708984,-5.219200134277344,0.9460487211508557,196.7724091147552,262.1930233171738,0.001
68.0,27704.932824966756,254.41050499442488,77.42749786376953,-8.432145118713379,0.9211473293572023,202.07226243577682,77.63379669189453,-3.813563823699951,0.9429274542890735,196.7724091147552,262.1930233171738,0.001
69.0,27553.334399933512,253.61290961247607,76.79138946533203,-6.417562961578369,0.9216409720206262,197.50478257649596,76.56010437011719,-2.560142755508423,0.9454783400440452,196.7724091147552,262.1930233171738,0.001
70.0,27362.99605219415,253.46448493086348,76.52091217041016,-3.473942518234253,0.9217326630193169,197.11412189915814,76.30604553222656,0.5704251527786255,0.9456938123314491,196.7724091147552,262.1930233171738,0.001
71.0,27463.85713098404,254.15808403496345,77.80545806884766,-10.888567924499512,0.9213037237841845,195.29375303469322,77.25713348388672,-6.189911842346191,0.9466922269927419,196.7724091147552,262.1930233171738,0.001
72.0,27405.66751163564,251.4697612672058,77.02306365966797,-0.8751577734947205,0.9229597176354076,198.63302932614297,77.22367858886719,3.57774019241333,0.9448536505153411,196.7724091147552,262.1930233171738,0.001
73.0,27250.47608460771,251.0302193940924,77.16967010498047,-0.5522835850715637,0.9232287983862496,197.944064639237,77.48577117919922,4.007027626037598,0.9452355406376429,196.7724091147552,262.1930233171738,0.001
74.0,26497.72870262633,249.8572049641178,76.98352813720703,-6.476558208465576,0.9239445952804429,195.65449947313044,77.0649642944336,-2.166682720184326,0.9464951049617752,196.7724091147552,262.1930233171738,0.001
75.0,26954.498919547874,250.92691568205106,77.06472778320312,-1.681318998336792,0.9232919710058364,193.98438471403543,76.6850814819336,2.1633710861206055,0.9474046462987239,196.7724091147552,262.1930233171738,0.001
76.0,26040.44828374335,250.2134323339972,77.72994995117188,7.80067253112793,0.923727572678497,196.12951094551022,77.68427276611328,11.344115257263184,0.9462349904135532,196.7724091147552,262.1930233171738,0.001
77.0,26219.487470910903,248.34834695709478,76.50025939941406,-4.825202465057373,0.9248604008105483,196.3224781063017,77.0187759399414,-0.12079580873250961,0.9461291421401421,196.7724091147552,262.1930233171738,0.001
78.0,25780.03251745346,248.9491692250334,76.5540771484375,-0.8179787397384644,0.9244963947309223,191.5799839346469,76.10303497314453,2.5890467166900635,0.9487003854735617,196.7724091147552,262.1930233171738,0.001
79.0,26099.80799119016,247.62504712430786,76.61238098144531,0.006431448273360729,0.925297442706431,195.03562926337048,76.9971694946289,4.514492511749268,0.9468330498276353,196.7724091147552,262.1930233171738,0.001
80.0,25618.010077293882,247.37451118989745,76.49539184570312,0.11787814646959305,0.925448527642068,194.22527175537093,76.82376861572266,4.252080917358398,0.9472739408753337,196.7724091147552,262.1930233171738,0.001
